-- MySQL dump 10.13  Distrib 8.0.30, for Win64 (x86_64)
--
-- Host: localhost    Database: rrhh
-- ------------------------------------------------------
-- Server version	8.0.30

/*!40101 SET @OLD_CHARACTER_SET_CLIENT=@@CHARACTER_SET_CLIENT */;
/*!40101 SET @OLD_CHARACTER_SET_RESULTS=@@CHARACTER_SET_RESULTS */;
/*!40101 SET @OLD_COLLATION_CONNECTION=@@COLLATION_CONNECTION */;
/*!50503 SET NAMES utf8 */;
/*!40103 SET @OLD_TIME_ZONE=@@TIME_ZONE */;
/*!40103 SET TIME_ZONE='+00:00' */;
/*!40014 SET @OLD_UNIQUE_CHECKS=@@UNIQUE_CHECKS, UNIQUE_CHECKS=0 */;
/*!40014 SET @OLD_FOREIGN_KEY_CHECKS=@@FOREIGN_KEY_CHECKS, FOREIGN_KEY_CHECKS=0 */;
/*!40101 SET @OLD_SQL_MODE=@@SQL_MODE, SQL_MODE='NO_AUTO_VALUE_ON_ZERO' */;
/*!40111 SET @OLD_SQL_NOTES=@@SQL_NOTES, SQL_NOTES=0 */;

--
-- Table structure for table `categorias`
--

DROP TABLE IF EXISTS `categorias`;
/*!40101 SET @saved_cs_client     = @@character_set_client */;
/*!50503 SET character_set_client = utf8mb4 */;
CREATE TABLE `categorias` (
  `id_categoria` smallint NOT NULL AUTO_INCREMENT,
  `descripcion` varchar(20) NOT NULL,
  PRIMARY KEY (`id_categoria`)
) ENGINE=InnoDB AUTO_INCREMENT=7 DEFAULT CHARSET=utf8mb4 COLLATE=utf8mb4_0900_ai_ci;
/*!40101 SET character_set_client = @saved_cs_client */;

--
-- Dumping data for table `categorias`
--

LOCK TABLES `categorias` WRITE;
/*!40000 ALTER TABLE `categorias` DISABLE KEYS */;
INSERT INTO `categorias` VALUES (1,'1/2 OFICIAL\r'),(2,'ADM. 1RA.\r'),(3,'AYUDANTE\r'),(4,'COCINERO\r'),(5,'OFICIAL\r'),(6,'VENDEDOR\r');
/*!40000 ALTER TABLE `categorias` ENABLE KEYS */;
UNLOCK TABLES;

--
-- Table structure for table `est_civil`
--

DROP TABLE IF EXISTS `est_civil`;
/*!40101 SET @saved_cs_client     = @@character_set_client */;
/*!50503 SET character_set_client = utf8mb4 */;
CREATE TABLE `est_civil` (
  `id_est_civil` smallint NOT NULL AUTO_INCREMENT,
  `descripcion` varchar(15) NOT NULL,
  PRIMARY KEY (`id_est_civil`)
) ENGINE=InnoDB AUTO_INCREMENT=6 DEFAULT CHARSET=utf8mb4 COLLATE=utf8mb4_0900_ai_ci;
/*!40101 SET character_set_client = @saved_cs_client */;

--
-- Dumping data for table `est_civil`
--

LOCK TABLES `est_civil` WRITE;
/*!40000 ALTER TABLE `est_civil` DISABLE KEYS */;
INSERT INTO `est_civil` VALUES (1,'CASADO\r'),(2,'SOLTERO\r'),(3,'CONCUBIN.\r'),(4,'SEPARADO\r'),(5,'DIVORCIADO\r');
/*!40000 ALTER TABLE `est_civil` ENABLE KEYS */;
UNLOCK TABLES;

--
-- Table structure for table `eventos`
--

DROP TABLE IF EXISTS `eventos`;
/*!40101 SET @saved_cs_client     = @@character_set_client */;
/*!50503 SET character_set_client = utf8mb4 */;
CREATE TABLE `eventos` (
  `id_evento` smallint NOT NULL AUTO_INCREMENT,
  `cd_evento` smallint NOT NULL,
  `descripcion` varchar(20) NOT NULL,
  PRIMARY KEY (`id_evento`)
) ENGINE=InnoDB AUTO_INCREMENT=12 DEFAULT CHARSET=utf8mb4 COLLATE=utf8mb4_0900_ai_ci;
/*!40101 SET character_set_client = @saved_cs_client */;

--
-- Dumping data for table `eventos`
--

LOCK TABLES `eventos` WRITE;
/*!40000 ALTER TABLE `eventos` DISABLE KEYS */;
INSERT INTO `eventos` VALUES (1,29,'ACCIDENTE DE TRABAJO'),(2,14,'CASAMIENTO\r'),(3,15,'DEFUNCION\r'),(4,28,'DESPIDO\r'),(5,21,'ENFERMEDAD\r'),(6,22,'FALTA SIN AVISO\r'),(7,23,'LLEGADA TARDE\r'),(8,16,'NACIMIENTO\r'),(9,30,'RENUNCIA\r'),(10,27,'SUSPENSION\r'),(11,10,'VACACIONES\r');
/*!40000 ALTER TABLE `eventos` ENABLE KEYS */;
UNLOCK TABLES;

--
-- Table structure for table `legajos`
--

DROP TABLE IF EXISTS `legajos`;
/*!40101 SET @saved_cs_client     = @@character_set_client */;
/*!50503 SET character_set_client = utf8mb4 */;
CREATE TABLE `legajos` (
  `id_legajo` smallint NOT NULL AUTO_INCREMENT,
  `id_empleado` smallint NOT NULL,
  `fecha_desde` date NOT NULL,
  `fecha_hasta` date NOT NULL,
  `id_evento` smallint NOT NULL,
  `cd_evento` smallint NOT NULL,
  `cantidad` smallint NOT NULL,
  `borrable` smallint NOT NULL,
  `afecta_vac` smallint NOT NULL,
  PRIMARY KEY (`id_legajo`)
) ENGINE=InnoDB AUTO_INCREMENT=822 DEFAULT CHARSET=utf8mb4 COLLATE=utf8mb4_0900_ai_ci;
/*!40101 SET character_set_client = @saved_cs_client */;

--
-- Dumping data for table `legajos`
--

LOCK TABLES `legajos` WRITE;
/*!40000 ALTER TABLE `legajos` DISABLE KEYS */;
INSERT INTO `legajos` VALUES (1,1,'2003-09-08','2003-09-08',11,10,1,0,1),(2,3,'2003-09-23','2003-09-25',11,10,3,0,1),(3,5,'2003-10-13','2003-10-17',11,10,5,0,1),(4,2,'2003-11-24','2003-11-24',11,10,1,0,1),(5,3,'2003-11-27','2003-11-28',11,10,2,0,1),(6,1,'2003-11-29','2003-11-29',11,10,1,0,1),(7,2,'2003-12-15','2003-12-21',11,10,7,0,1),(8,3,'2003-12-17','2003-12-17',11,10,1,0,1),(9,1,'2003-12-29','2004-01-18',11,10,21,0,1),(10,5,'2004-01-05','2004-01-16',11,10,12,0,1),(11,1,'2004-01-31','2004-01-31',11,10,1,0,1),(12,3,'2004-02-03','2004-02-15',11,10,13,0,1),(13,2,'2004-03-04','2004-03-10',11,10,7,0,1),(14,3,'2004-03-10','2004-03-12',11,10,3,0,1),(15,1,'2004-03-18','2004-03-28',11,10,11,0,1),(16,2,'2004-05-19','2004-06-01',11,10,14,0,1),(17,3,'2004-06-23','2004-06-23',11,10,1,0,1),(18,3,'2004-07-22','2004-07-24',11,10,3,0,1),(19,3,'2004-08-25','2004-08-25',11,10,1,0,1),(20,5,'2004-09-02','2004-09-08',11,10,7,0,1),(21,3,'2004-10-07','2004-10-07',11,10,1,0,1),(22,3,'2004-11-08','2004-11-08',11,10,1,0,1),(23,2,'2004-11-29','2004-11-29',11,10,1,0,1),(24,1,'2004-12-06','2004-12-13',11,10,8,0,1),(25,2,'2004-12-13','2004-12-13',11,10,1,0,1),(26,5,'2004-12-27','2004-12-27',11,10,1,0,1),(27,2,'2005-01-22','2005-01-22',11,10,1,0,1),(28,3,'2005-01-24','2005-02-06',11,10,14,0,1),(29,5,'2005-02-07','2005-02-13',11,10,7,0,1),(30,1,'2005-02-22','2005-02-23',11,10,2,0,1),(31,2,'2005-05-17','2005-05-23',11,10,7,0,1),(32,3,'2005-05-26','2005-05-31',11,10,6,0,1),(33,1,'2005-06-01','2005-06-22',11,10,22,0,1),(34,5,'2005-06-13','2005-06-18',11,10,6,0,1),(35,1,'2005-06-23','2005-06-30',11,10,8,0,1),(36,1,'2005-07-01','2005-07-21',11,10,21,0,1),(37,5,'2005-07-11','2005-07-24',11,10,14,0,1),(38,2,'2005-07-30','2005-07-30',11,10,1,0,1),(39,2,'2005-09-12','2005-09-12',11,10,1,0,1),(40,3,'2005-09-14','2005-09-15',11,10,2,0,1),(41,1,'2005-10-04','2005-10-04',11,10,1,0,1),(42,2,'2005-11-07','2005-11-14',11,10,8,0,1),(43,1,'2005-12-12','2005-12-15',11,10,4,0,1),(44,3,'2005-12-26','2006-01-09',11,10,15,0,1),(45,5,'2006-01-09','2006-01-15',11,10,7,0,1),(46,2,'2006-02-24','2006-02-26',11,10,3,0,1),(47,2,'2006-03-15','2006-03-19',11,10,5,0,1),(48,3,'2006-04-17','2006-04-17',11,10,1,0,1),(49,3,'2006-04-27','2006-04-27',7,23,1,0,0),(50,3,'2006-05-20','2006-05-20',11,10,1,0,1),(51,3,'2006-06-05','2006-06-05',11,10,1,0,1),(52,2,'2006-06-07','2006-06-07',11,10,1,0,1),(53,5,'2006-07-10','2006-07-23',11,10,14,0,1),(54,2,'2006-07-20','2006-07-24',11,10,5,0,1),(55,3,'2006-07-24','2006-07-25',11,10,2,0,1),(56,1,'2006-08-02','2006-08-03',11,10,2,0,1),(57,8,'2006-08-21','2006-08-21',11,10,1,0,1),(58,3,'2006-09-07','2006-09-08',11,10,2,0,1),(59,2,'2006-09-11','2006-09-11',11,10,1,0,1),(60,2,'2006-10-09','2006-10-16',11,10,8,0,1),(61,1,'2006-10-16','2006-10-16',11,10,1,0,1),(62,3,'2006-11-06','2006-11-08',11,10,3,0,1),(63,2,'2006-12-02','2006-12-07',11,10,6,0,1),(64,3,'2006-12-19','2006-12-20',11,10,2,0,1),(65,3,'2007-01-08','2007-01-21',11,10,14,0,1),(66,2,'2007-01-26','2007-01-31',11,10,6,0,1),(67,5,'2007-02-05','2007-02-18',11,10,14,0,1),(68,2,'2007-03-05','2007-03-05',11,10,1,0,1),(69,3,'2007-03-12','2007-03-12',11,10,1,0,1),(70,8,'2007-04-10','2007-04-15',11,10,6,0,1),(71,3,'2007-04-13','2007-04-13',11,10,1,0,1),(72,2,'2007-04-14','2007-04-18',11,10,5,0,1),(73,1,'2007-04-30','2007-04-30',11,10,1,0,1),(74,7,'2007-05-07','2007-05-13',11,10,7,0,1),(75,1,'2007-05-14','2007-05-15',11,10,2,0,1),(76,2,'2007-05-26','2007-05-29',11,10,4,0,1),(77,1,'2007-06-06','2007-06-21',11,10,16,0,1),(78,2,'2007-06-07','2007-06-10',11,10,4,0,1),(79,5,'2007-06-21','2007-06-26',11,10,6,0,1),(80,7,'2007-07-12','2007-07-12',11,10,1,0,1),(81,3,'2007-07-23','2007-07-23',11,10,1,0,1),(82,3,'2007-08-03','2007-08-03',11,10,1,0,1),(83,8,'2007-08-09','2007-08-18',2,14,10,0,0),(84,2,'2007-09-06','2007-09-09',11,10,4,0,1),(85,7,'2007-09-10','2007-09-10',11,10,1,0,1),(86,3,'2007-09-20','2007-09-20',11,10,1,0,1),(87,1,'2007-09-24','2007-09-30',11,10,7,0,1),(88,8,'2007-11-12','2007-11-18',11,10,7,0,1),(89,1,'2007-11-16','2007-11-17',11,10,2,0,1),(90,2,'2007-11-26','2007-11-26',11,10,1,0,1),(91,2,'2007-12-01','2007-12-08',11,10,8,0,1),(92,3,'2007-12-08','2007-12-08',11,10,1,0,1),(93,1,'2007-12-24','2007-12-24',11,10,1,0,1),(94,2,'2007-12-29','2007-12-29',11,10,1,0,1),(95,2,'2008-01-02','2008-01-09',11,10,8,0,1),(96,5,'2008-01-02','2008-01-13',11,10,12,0,1),(97,5,'2008-01-14','2008-01-15',11,10,2,0,1),(98,3,'2008-01-18','2008-02-03',11,10,17,0,1),(99,1,'2008-02-04','2008-02-04',11,10,1,0,1),(100,2,'2008-03-03','2008-03-03',11,10,1,0,1),(101,8,'2008-03-17','2008-03-30',11,10,14,0,1),(102,7,'2008-03-24','2008-04-06',11,10,14,0,1),(103,8,'2008-04-17','2008-04-17',11,10,1,0,1),(104,2,'2008-04-21','2008-04-25',11,10,5,0,1),(105,8,'2008-04-25','2008-04-25',11,10,1,0,1),(106,1,'2008-04-25','2008-05-18',11,10,24,0,1),(107,7,'2008-05-06','2008-05-15',11,10,10,0,1),(108,3,'2008-05-10','2008-05-10',11,10,1,0,1),(109,2,'2008-05-20','2008-06-12',11,10,24,0,1),(110,3,'2008-06-03','2008-06-04',11,10,2,0,1),(111,2,'2008-06-16','2008-06-20',11,10,5,0,1),(112,2,'2008-07-03','2008-07-05',11,10,3,0,1),(113,3,'2008-07-04','2008-07-19',11,10,16,0,1),(114,1,'2008-07-19','2008-07-31',11,10,13,0,1),(115,1,'2008-08-01','2008-08-06',11,10,6,0,1),(116,7,'2008-08-18','2008-08-24',11,10,7,0,1),(117,2,'2008-08-25','2008-08-26',11,10,2,0,1),(118,3,'2008-08-28','2008-08-28',11,10,1,0,1),(119,8,'2008-09-01','2008-09-07',11,10,7,0,1),(120,1,'2008-09-01','2008-09-14',11,10,14,0,1),(121,5,'2008-09-04','2008-09-05',11,10,2,0,1),(122,8,'2008-09-08','2008-09-12',11,10,5,0,1),(123,7,'2008-09-09','2008-09-10',11,10,2,0,1),(124,7,'2008-10-08','2008-10-08',11,10,1,0,1),(125,1,'2008-10-09','2008-10-09',11,10,1,0,1),(126,2,'2008-10-15','2008-10-18',11,10,4,0,1),(127,2,'2008-11-04','2008-11-27',11,10,24,0,1),(128,7,'2008-11-05','2008-11-07',11,10,3,0,1),(129,5,'2008-11-14','2008-11-15',11,10,2,0,1),(130,8,'2008-11-27','2008-11-27',11,10,1,0,1),(131,2,'2008-11-28','2008-11-29',11,10,2,0,1),(132,1,'2008-11-29','2008-11-29',11,10,1,0,1),(133,2,'2008-12-01','2008-12-02',11,10,2,0,1),(134,7,'2008-12-16','2008-12-16',11,10,1,0,1),(135,1,'2008-12-22','2008-12-23',11,10,2,0,1),(136,2,'2009-01-02','2009-01-03',11,10,2,0,1),(137,1,'2009-01-08','2009-01-08',11,10,1,0,1),(138,5,'2009-01-12','2009-01-25',11,10,14,0,1),(139,7,'2009-01-22','2009-01-22',11,10,1,0,1),(140,3,'2009-01-26','2009-02-08',11,10,14,0,1),(141,2,'2009-02-09','2009-02-15',11,10,7,0,1),(142,7,'2009-02-16','2009-02-22',11,10,7,0,1),(143,2,'2009-02-21','2009-02-23',11,10,3,0,1),(144,1,'2009-02-23','2009-03-01',11,10,7,0,1),(145,1,'2009-03-16','2009-03-16',11,10,1,0,1),(146,2,'2009-03-23','2009-03-23',11,10,1,0,1),(147,2,'2009-04-06','2009-04-07',8,16,2,0,0),(148,5,'2009-04-11','2009-04-11',11,10,1,0,1),(149,8,'2009-04-13','2009-04-19',11,10,7,0,1),(150,2,'2009-04-20','2009-04-20',11,10,1,0,1),(151,7,'2009-04-27','2009-04-27',11,10,1,0,1),(152,1,'2009-04-27','2009-04-30',11,10,4,0,1),(153,5,'2009-04-30','2009-05-03',11,10,4,0,1),(154,1,'2009-05-08','2009-05-08',11,10,1,0,1),(155,7,'2009-05-19','2009-05-19',11,10,1,0,1),(156,1,'2009-06-08','2009-06-08',11,10,1,0,1),(157,2,'2009-06-12','2009-06-18',11,10,7,0,1),(158,3,'2009-06-18','2009-06-18',11,10,1,0,1),(159,5,'2009-07-13','2009-07-19',11,10,7,0,1),(160,3,'2009-08-05','2009-08-05',11,10,1,0,1),(161,1,'2009-08-10','2009-08-10',11,10,1,0,1),(162,7,'2009-08-24','2009-08-25',11,10,2,0,1),(163,1,'2009-09-01','2009-09-03',11,10,3,0,1),(164,3,'2009-09-09','2009-09-11',11,10,3,0,1),(165,2,'2009-09-24','2009-09-28',11,10,5,0,1),(166,7,'2009-10-05','2009-10-07',11,10,3,0,1),(167,1,'2009-10-15','2009-10-15',11,10,1,0,1),(168,2,'2009-10-19','2009-10-19',11,10,1,0,1),(169,3,'2009-10-29','2009-10-29',11,10,1,0,1),(170,5,'2009-10-31','2009-10-31',11,10,1,0,1),(171,1,'2009-11-02','2009-11-03',11,10,2,0,1),(172,2,'2009-11-09','2009-11-10',11,10,2,0,1),(173,5,'2009-11-21','2009-11-21',11,10,1,0,1),(174,1,'2009-12-12','2009-12-22',11,10,11,0,1),(175,5,'2009-12-24','2009-12-27',11,10,4,0,1),(176,5,'2010-01-11','2010-01-24',11,10,14,0,1),(177,2,'2010-01-22','2010-01-23',11,10,2,0,1),(178,3,'2010-01-25','2010-02-07',11,10,14,0,1),(179,2,'2010-02-05','2010-02-09',11,10,5,0,1),(180,5,'2010-02-08','2010-02-28',11,10,21,0,1),(181,7,'2010-02-18','2010-02-28',11,10,11,0,1),(182,1,'2010-02-20','2010-02-22',11,10,3,0,1),(183,5,'2010-03-20','2010-03-20',11,10,1,0,1),(184,2,'2010-03-29','2010-03-29',11,10,1,0,1),(185,3,'2010-04-07','2010-04-15',11,10,9,0,1),(186,2,'2010-04-08','2010-04-09',11,10,2,0,1),(187,1,'2010-04-10','2010-04-10',11,10,1,0,1),(188,3,'2010-04-16','2010-05-13',11,10,28,0,1),(189,8,'2010-04-23','2010-04-25',11,10,3,0,1),(190,8,'2010-04-26','2010-05-08',11,10,13,0,1),(191,3,'2010-05-14','2010-05-26',11,10,13,0,1),(192,2,'2010-05-17','2010-05-17',11,10,1,0,1),(193,7,'2010-05-22','2010-05-22',11,10,1,0,1),(194,2,'2010-06-07','2010-06-09',11,10,3,0,1),(195,1,'2010-07-03','2010-07-03',11,10,1,0,1),(196,5,'2010-07-12','2010-07-18',11,10,7,0,1),(197,2,'2010-07-16','2010-08-01',11,10,17,0,1),(198,8,'2010-07-26','2010-07-27',11,10,2,0,1),(199,1,'2010-08-09','2010-08-10',11,10,2,0,1),(200,2,'2010-08-09','2010-08-10',11,10,2,0,1),(201,5,'2010-08-28','2010-08-28',11,10,1,0,1),(202,5,'2010-09-11','2010-09-11',11,10,1,0,1),(203,2,'2010-09-22','2010-09-22',11,10,1,0,1),(204,8,'2010-09-25','2010-09-25',11,10,1,0,1),(205,5,'2010-10-16','2010-10-16',11,10,1,0,1),(206,7,'2010-10-19','2010-10-19',11,10,1,0,1),(207,10,'2010-11-06','2010-11-06',11,10,1,0,1),(208,2,'2010-11-08','2010-11-08',11,10,1,0,1),(209,7,'2010-11-08','2010-11-08',11,10,1,0,1),(210,5,'2010-11-29','2010-12-05',11,10,7,0,1),(211,8,'2010-12-07','2010-12-07',11,10,1,0,1),(212,1,'2010-12-11','2010-12-11',11,10,1,0,1),(213,2,'2010-12-17','2010-12-17',11,10,1,0,1),(214,9,'2011-01-03','2011-01-09',11,10,7,0,1),(215,1,'2011-01-08','2011-01-10',11,10,3,0,1),(216,8,'2011-01-10','2011-01-16',11,10,7,0,1),(217,7,'2011-01-10','2011-01-23',11,10,14,0,1),(218,5,'2011-01-17','2011-01-30',11,10,14,0,1),(219,1,'2011-01-24','2011-02-06',11,10,14,0,1),(220,3,'2011-01-31','2011-02-13',11,10,14,0,1),(221,2,'2011-02-14','2011-02-27',11,10,14,0,1),(222,5,'2011-03-12','2011-03-12',11,10,1,0,1),(223,2,'2011-03-14','2011-03-15',11,10,2,0,1),(224,1,'2011-03-17','2011-03-26',11,10,10,0,1),(225,1,'2011-03-28','2011-03-31',11,10,4,0,1),(226,8,'2011-04-14','2011-04-14',11,10,1,0,1),(227,1,'2011-04-28','2011-04-28',11,10,1,0,1),(228,7,'2011-05-04','2011-05-04',11,10,1,0,1),(229,2,'2011-05-14','2011-05-24',11,10,11,0,1),(230,10,'2011-05-23','2011-06-05',11,10,14,0,1),(231,3,'2011-05-24','2011-05-29',11,10,6,0,1),(232,1,'2011-05-30','2011-05-30',11,10,1,0,1),(233,2,'2011-06-06','2011-06-08',11,10,3,0,1),(234,9,'2011-06-13','2011-06-20',11,10,8,0,1),(235,7,'2011-06-18','2011-06-18',11,10,1,0,1),(236,2,'2011-07-04','2011-07-06',11,10,3,0,1),(237,8,'2011-07-11','2011-07-13',11,10,3,0,1),(238,5,'2011-07-11','2011-07-17',11,10,7,0,1),(239,1,'2011-07-11','2011-07-19',11,10,9,0,1),(240,8,'2011-07-14','2011-07-14',11,10,1,0,1),(241,7,'2011-07-25','2011-07-27',11,10,3,0,1),(242,9,'2011-08-03','2011-08-03',11,10,1,0,1),(243,10,'2011-08-03','2011-08-03',11,10,1,0,1),(244,7,'2011-08-12','2011-08-12',11,10,1,0,1),(245,2,'2011-08-16','2011-08-19',11,10,4,0,1),(246,8,'2011-08-26','2011-08-26',11,10,1,0,1),(247,2,'2011-09-05','2011-09-11',11,10,7,0,1),(248,3,'2011-09-14','2011-09-14',11,10,1,0,1),(249,7,'2011-09-19','2011-09-20',11,10,2,0,1),(250,1,'2011-09-24','2011-09-26',11,10,3,0,1),(251,1,'2011-10-12','2011-10-14',11,10,3,0,1),(252,5,'2011-10-17','2011-10-23',11,10,7,0,1),(253,2,'2011-10-19','2011-10-19',11,10,1,0,1),(254,7,'2011-10-24','2011-10-28',11,10,5,0,1),(255,8,'2011-11-07','2011-11-09',11,10,3,0,1),(256,2,'2011-11-21','2011-11-22',11,10,2,0,1),(257,8,'2011-12-07','2011-12-16',2,14,10,0,0),(258,1,'2011-12-07','2011-12-20',11,10,14,0,1),(259,3,'2011-12-10','2011-12-10',11,10,1,0,1),(260,7,'2011-12-12','2011-12-12',11,10,1,0,1),(261,10,'2011-12-15','2011-12-26',11,10,12,0,1),(262,5,'2011-12-16','2011-12-18',11,10,3,0,1),(263,2,'2011-12-27','2011-12-27',11,10,1,0,1),(264,5,'2012-01-16','2012-01-29',11,10,14,0,1),(265,11,'2012-01-16','2012-01-29',11,10,14,0,1),(266,8,'2012-01-30','2012-02-05',11,10,7,0,1),(267,1,'2012-01-30','2012-02-12',11,10,14,0,1),(268,3,'2012-01-30','2012-02-12',11,10,14,0,1),(269,9,'2012-02-25','2012-02-25',11,10,1,0,1),(270,2,'2012-03-01','2012-03-07',11,10,7,0,1),(271,1,'2012-03-03','2012-03-06',11,10,4,0,1),(272,3,'2012-03-05','2012-03-06',11,10,2,0,1),(273,8,'2012-03-05','2012-03-19',11,10,15,0,1),(274,9,'2012-03-09','2012-03-09',11,10,1,0,1),(275,9,'2012-04-09','2012-04-22',11,10,14,0,1),(276,3,'2012-04-10','2012-04-10',11,10,1,0,1),(277,7,'2012-04-18','2012-04-18',11,10,1,0,1),(278,5,'2012-04-28','2012-04-28',11,10,1,0,1),(279,9,'2012-05-07','2012-05-07',11,10,1,0,1),(280,2,'2012-05-12','2012-05-14',11,10,3,0,1),(281,10,'2012-05-18','2012-05-19',11,10,2,0,1),(282,8,'2012-05-26','2012-05-29',11,10,4,0,1),(283,3,'2012-05-28','2012-05-30',11,10,3,0,1),(284,5,'2012-07-10','2012-07-17',11,10,8,0,1),(285,7,'2012-07-19','2012-07-19',11,10,1,0,1),(286,9,'2012-07-23','2012-07-23',11,10,1,0,1),(287,7,'2012-08-14','2012-08-15',8,16,2,0,0),(288,9,'2012-08-28','2012-08-28',11,10,1,0,1),(289,11,'2012-08-31','2012-09-02',11,10,3,0,1),(290,3,'2012-09-04','2012-09-04',11,10,1,0,1),(291,5,'2012-09-21','2012-09-21',11,10,1,0,1),(292,1,'2012-09-21','2012-09-22',11,10,2,0,1),(293,8,'2012-09-29','2012-09-29',11,10,1,0,1),(294,1,'2012-10-02','2012-10-16',11,10,15,0,1),(295,9,'2012-10-10','2012-10-11',11,10,2,0,1),(296,1,'2012-10-22','2012-10-22',11,10,1,0,1),(297,5,'2012-10-27','2012-10-27',11,10,1,0,1),(298,2,'2012-11-01','2012-11-15',11,10,15,0,1),(299,1,'2012-11-05','2012-11-05',11,10,1,0,1),(300,10,'2012-11-10','2012-11-10',11,10,1,0,1),(301,1,'2012-12-09','2012-12-21',11,10,13,0,1),(302,9,'2012-12-11','2012-12-11',11,10,1,0,1),(303,8,'2012-12-12','2012-12-12',11,10,1,0,1),(304,2,'2012-12-26','2012-12-26',11,10,1,0,1),(305,5,'2012-12-29','2012-12-29',11,10,1,0,1),(306,3,'2013-01-07','2013-01-20',11,10,14,0,1),(307,11,'2013-01-21','2013-01-31',11,10,11,0,1),(308,5,'2013-01-21','2013-02-05',11,10,16,0,1),(309,1,'2013-01-24','2013-01-24',11,10,1,0,1),(310,1,'2013-02-07','2013-02-07',11,10,1,0,1),(311,7,'2013-02-09','2013-02-09',11,10,1,0,1),(312,10,'2013-02-09','2013-02-09',11,10,1,0,1),(313,2,'2013-02-13','2013-02-13',11,10,1,0,1),(314,9,'2013-02-23','2013-02-23',11,10,1,0,1),(315,7,'2013-03-09','2013-03-09',11,10,1,0,1),(316,9,'2013-03-28','2013-03-28',11,10,1,0,1),(317,3,'2013-03-28','2013-03-30',11,10,3,0,1),(318,1,'2013-03-30','2013-03-30',11,10,1,0,1),(319,10,'2013-04-13','2013-04-13',11,10,1,0,1),(320,9,'2013-04-22','2013-05-05',11,10,14,0,1),(321,3,'2013-05-22','2013-05-22',11,10,1,0,1),(322,1,'2013-06-01','2013-06-01',11,10,1,0,1),(323,1,'2013-06-02','2013-06-05',11,10,4,0,1),(324,2,'2013-06-06','2013-06-08',11,10,3,0,1),(325,2,'2013-06-08','2013-06-08',11,10,1,0,1),(326,12,'2013-06-13','2013-06-26',11,10,14,0,1),(327,9,'2013-06-14','2013-06-14',11,10,1,0,1),(328,3,'2013-06-17','2013-06-20',11,10,4,0,1),(329,7,'2013-06-22','2013-06-22',11,10,1,0,1),(330,8,'2013-06-27','2013-06-27',11,10,1,0,1),(331,7,'2013-07-04','2013-07-05',11,10,2,0,1),(332,13,'2013-07-04','2013-07-07',11,10,4,0,1),(333,5,'2013-07-08','2013-07-14',11,10,7,0,1),(334,10,'2013-07-17','2013-07-17',11,10,1,0,1),(335,13,'2013-07-24','2013-07-24',11,10,1,0,1),(336,2,'2013-07-26','2013-07-26',11,10,1,0,1),(337,8,'2013-07-27','2013-07-27',11,10,1,0,1),(338,2,'2013-08-03','2013-08-08',11,10,6,0,1),(339,11,'2013-08-06','2013-08-06',11,10,1,0,1),(340,9,'2013-08-07','2013-08-07',11,10,1,0,1),(341,3,'2013-08-12','2013-08-12',11,10,1,0,1),(342,5,'2013-08-24','2013-08-24',11,10,1,0,1),(343,1,'2013-08-31','2013-08-31',11,10,1,0,1),(344,8,'2013-09-06','2013-09-06',11,10,1,0,1),(345,9,'2013-09-06','2013-09-06',11,10,1,0,1),(346,7,'2013-09-07','2013-09-07',11,10,1,0,1),(347,1,'2013-09-18','2013-09-28',11,10,11,0,1),(348,5,'2013-09-20','2013-09-20',11,10,1,0,1),(349,10,'2013-09-21','2013-09-21',11,10,1,0,1),(350,2,'2013-09-23','2013-09-25',11,10,3,0,1),(351,12,'2013-10-01','2013-10-01',11,10,1,0,1),(352,11,'2013-10-19','2013-10-19',11,10,1,0,1),(353,3,'2013-10-28','2013-11-11',11,10,15,0,1),(354,10,'2013-11-09','2013-11-09',11,10,1,0,1),(355,12,'2013-11-11','2013-11-11',11,10,1,0,1),(356,5,'2013-11-16','2013-11-16',11,10,1,0,1),(357,10,'2013-11-18','2013-11-22',11,10,5,0,1),(358,1,'2013-11-26','2013-11-26',11,10,1,0,1),(359,2,'2013-12-16','2013-12-29',11,10,14,0,1),(360,5,'2013-12-30','2014-01-12',11,10,14,0,1),(361,7,'2014-01-13','2014-01-26',11,10,14,0,1),(362,9,'2014-01-28','2014-01-28',11,10,1,0,1),(363,3,'2014-02-01','2014-02-16',11,10,16,0,1),(364,1,'2014-02-10','2014-02-23',11,10,14,0,1),(365,11,'2014-02-14','2014-02-16',11,10,3,0,1),(366,10,'2014-02-24','2014-03-09',11,10,14,0,1),(367,8,'2014-03-10','2014-03-18',11,10,9,0,1),(368,5,'2014-03-28','2014-03-31',11,10,4,0,1),(369,2,'2014-03-29','2014-03-31',11,10,3,0,1),(370,9,'2014-04-19','2014-04-19',11,10,1,0,1),(371,10,'2014-04-26','2014-04-26',11,10,1,0,1),(372,1,'2014-05-06','2014-05-12',11,10,7,0,1),(373,2,'2014-05-17','2014-05-26',11,10,10,0,1),(374,12,'2014-05-23','2014-05-23',11,10,1,0,1),(375,9,'2014-05-30','2014-05-30',11,10,1,0,1),(376,1,'2014-06-05','2014-06-10',11,10,6,0,1),(377,9,'2014-06-09','2014-06-19',11,10,11,0,1),(378,8,'2014-06-16','2014-06-22',11,10,7,0,1),(379,5,'2014-06-21','2014-06-21',11,10,1,0,1),(380,2,'2014-07-05','2014-07-05',11,10,1,0,1),(381,7,'2014-07-12','2014-07-12',11,10,1,0,1),(382,5,'2014-07-14','2014-07-20',11,10,7,0,1),(383,11,'2014-07-19','2014-07-19',11,10,1,0,1),(384,12,'2014-07-21','2014-07-22',11,10,2,0,1),(385,13,'2014-07-21','2014-07-29',11,10,9,0,1),(386,3,'2014-07-24','2014-07-27',11,10,4,0,1),(387,9,'2014-07-25','2014-07-25',11,10,1,0,1),(388,12,'2014-08-01','2014-08-08',11,10,8,0,1),(389,12,'2014-08-15','2014-08-15',11,10,1,0,1),(390,13,'2014-09-01','2014-09-02',11,10,2,0,1),(391,11,'2014-09-01','2014-09-08',11,10,8,0,1),(392,10,'2014-09-09','2014-09-10',11,10,2,0,1),(393,9,'2014-09-19','2014-09-19',11,10,1,0,1),(394,2,'2014-09-22','2014-09-29',11,10,8,0,1),(395,12,'2014-09-29','2014-09-29',11,10,1,0,1),(396,2,'2014-10-06','2014-10-07',11,10,2,0,1),(397,8,'2014-10-09','2014-10-15',11,10,7,0,1),(398,7,'2014-10-14','2014-10-14',11,10,1,0,1),(399,8,'2014-10-24','2014-10-26',11,10,3,0,1),(400,3,'2014-10-25','2014-10-25',11,10,1,0,1),(401,13,'2014-11-10','2014-11-16',11,10,7,0,1),(402,9,'2014-11-14','2014-11-14',11,10,1,0,1),(403,12,'2014-11-17','2014-11-17',11,10,1,0,1),(404,1,'2014-11-22','2014-11-22',11,10,1,0,1),(405,7,'2014-11-27','2014-11-27',11,10,1,0,1),(406,2,'2014-12-05','2014-12-06',11,10,2,0,1),(407,1,'2014-12-06','2014-12-06',11,10,1,0,1),(408,10,'2014-12-15','2014-12-29',11,10,15,0,1),(409,8,'2015-01-05','2015-01-18',11,10,14,0,1),(410,5,'2015-01-10','2015-01-28',11,10,19,0,1),(411,2,'2015-01-17','2015-01-17',11,10,1,0,1),(412,7,'2015-01-30','2015-02-08',11,10,10,0,1),(413,3,'2015-02-02','2015-02-15',11,10,14,0,1),(414,11,'2015-02-02','2015-02-15',11,10,14,0,1),(415,2,'2015-02-23','2015-03-08',11,10,14,0,1),(416,1,'2015-03-09','2015-03-15',11,10,7,0,1),(417,2,'2015-03-09','2015-03-18',11,10,10,0,1),(418,5,'2015-03-17','2015-03-17',11,10,1,0,1),(419,1,'2015-04-13','2015-04-26',11,10,14,0,1),(420,2,'2015-04-24','2015-04-24',11,10,1,0,1),(421,5,'2015-05-02','2015-05-02',11,10,1,0,1),(422,9,'2015-05-11','2015-05-12',11,10,2,0,1),(423,1,'2015-05-19','2015-05-19',11,10,1,0,1),(424,12,'2015-06-01','2015-06-12',11,10,12,0,1),(425,10,'2015-06-06','2015-06-06',11,10,1,0,1),(426,1,'2015-06-13','2015-06-13',11,10,1,0,1),(427,9,'2015-06-15','2015-06-15',11,10,1,0,1),(428,11,'2015-06-17','2015-06-17',11,10,1,0,1),(429,8,'2015-06-20','2015-06-20',11,10,1,0,1),(430,2,'2015-06-27','2015-06-27',11,10,1,0,1),(431,13,'2015-07-01','2015-07-09',11,10,9,0,1),(432,9,'2015-07-04','2015-07-04',11,10,1,0,1),(433,7,'2015-07-13','2015-07-19',11,10,7,0,1),(434,14,'2015-07-14','2015-07-14',11,10,1,0,1),(435,10,'2015-07-20','2015-07-27',11,10,8,0,1),(436,1,'2015-07-25','2015-08-03',11,10,10,0,1),(437,3,'2015-07-29','2015-08-01',11,10,4,0,1),(438,8,'2015-08-05','2015-08-05',11,10,1,0,1),(439,3,'2015-08-28','2015-09-06',11,10,10,0,1),(440,8,'2015-08-31','2015-08-31',11,10,1,0,1),(441,13,'2015-09-05','2015-09-05',11,10,1,0,1),(442,2,'2015-09-09','2015-09-15',11,10,7,0,1),(443,9,'2015-09-14','2015-09-14',11,10,1,0,1),(444,1,'2015-09-14','2015-10-03',11,10,20,0,1),(445,7,'2015-09-19','2015-10-02',11,10,14,0,1),(446,7,'2015-10-03','2015-10-03',11,10,1,0,1),(447,11,'2015-10-03','2015-10-03',11,10,1,0,1),(448,7,'2015-10-14','2015-10-21',11,10,8,0,1),(449,10,'2015-10-17','2015-10-19',11,10,3,0,1),(450,2,'2015-10-24','2015-10-24',11,10,1,0,1),(451,9,'2015-10-24','2015-10-27',11,10,4,0,1),(452,5,'2015-11-02','2015-11-02',11,10,1,0,1),(453,10,'2015-11-07','2015-11-07',11,10,1,0,1),(454,7,'2015-11-14','2015-11-14',11,10,1,0,1),(455,2,'2015-11-20','2015-11-25',11,10,6,0,1),(456,9,'2015-11-28','2015-11-28',11,10,1,0,1),(457,1,'2015-12-10','2015-12-13',11,10,4,0,1),(458,7,'2015-12-18','2015-12-20',11,10,3,0,1),(459,9,'2015-12-26','2015-12-26',11,10,1,0,1),(460,5,'2015-12-28','2015-12-30',11,10,3,0,1),(461,10,'2015-12-28','2016-01-10',11,10,14,0,1),(462,8,'2016-01-09','2016-01-09',11,10,1,0,1),(463,10,'2016-01-09','2016-01-22',11,10,14,0,1),(464,7,'2016-01-14','2016-01-20',11,10,7,0,1),(465,2,'2016-01-21','2016-01-24',11,10,4,0,1),(466,3,'2016-01-25','2016-02-05',11,10,12,0,1),(467,5,'2016-02-01','2016-02-21',11,10,21,0,1),(468,8,'2016-02-06','2016-02-19',11,10,14,0,1),(469,11,'2016-02-06','2016-02-19',11,10,14,0,1),(470,12,'2016-02-06','2016-02-19',11,10,14,0,1),(471,13,'2016-02-06','2016-02-19',11,10,14,0,1),(472,7,'2016-02-08','2016-02-21',11,10,14,0,1),(473,2,'2016-02-12','2016-02-21',11,10,10,0,1),(474,14,'2016-02-22','2016-03-06',11,10,14,0,1),(475,2,'2016-02-27','2016-02-27',11,10,1,0,1),(476,8,'2016-03-08','2016-03-08',11,10,1,0,1),(477,9,'2016-03-08','2016-03-09',11,10,2,0,1),(478,10,'2016-03-12','2016-03-12',11,10,1,0,1),(479,7,'2016-03-26','2016-03-26',11,10,1,0,1),(480,3,'2016-03-26','2016-03-30',11,10,5,0,1),(481,2,'2016-03-30','2016-03-30',11,10,1,0,1),(482,11,'2016-04-09','2016-04-09',11,10,1,0,1),(483,2,'2016-04-15','2016-04-24',11,10,10,0,1),(484,1,'2016-04-25','2016-05-02',11,10,8,0,1),(485,7,'2016-05-02','2016-05-02',11,10,1,0,1),(486,9,'2016-05-06','2016-05-09',11,10,4,0,1),(487,10,'2016-05-21','2016-05-21',11,10,1,0,1),(488,9,'2016-06-14','2016-06-14',11,10,1,0,1),(489,7,'2016-06-15','2016-06-15',11,10,1,0,1),(490,1,'2016-07-11','2016-07-31',11,10,21,0,1),(491,7,'2016-07-15','2016-07-15',11,10,1,0,1),(492,5,'2016-07-18','2016-07-24',11,10,7,0,1),(493,3,'2016-07-25','2016-07-31',11,10,7,0,1),(494,2,'2016-08-03','2016-08-04',11,10,2,0,1),(495,9,'2016-08-08','2016-08-15',11,10,8,0,1),(496,7,'2016-08-19','2016-08-19',11,10,1,0,1),(497,13,'2016-08-20','2016-08-20',11,10,1,0,1),(498,1,'2016-08-27','2016-08-27',11,10,1,0,1),(499,5,'2016-08-27','2016-08-27',11,10,1,0,1),(500,7,'2016-09-05','2016-09-06',11,10,2,0,1),(501,14,'2016-09-06','2016-09-06',11,10,1,0,1),(502,9,'2016-09-13','2016-09-15',11,10,3,0,1),(503,2,'2016-09-21','2016-09-22',11,10,2,0,1),(504,1,'2016-09-22','2016-09-23',11,10,2,0,1),(505,5,'2016-09-30','2016-10-02',11,10,3,0,1),(506,3,'2016-10-04','2016-10-04',11,10,1,0,1),(507,7,'2016-10-05','2016-10-05',11,10,1,0,1),(508,1,'2016-10-06','2016-10-06',11,10,1,0,1),(509,9,'2016-10-13','2016-10-13',11,10,1,0,1),(510,10,'2016-10-13','2016-10-13',11,10,1,0,1),(511,2,'2016-10-15','2016-10-15',11,10,1,0,1),(512,3,'2016-10-26','2016-10-26',11,10,1,0,1),(513,7,'2016-11-05','2016-11-05',11,10,1,0,1),(514,13,'2016-11-19','2016-11-19',11,10,1,0,1),(515,2,'2016-11-24','2016-11-25',11,10,2,0,1),(516,5,'2016-12-03','2016-12-03',11,10,1,0,1),(517,8,'2016-12-10','2016-12-10',11,10,1,0,1),(518,14,'2016-12-12','2016-12-25',11,10,14,0,1),(519,11,'2016-12-15','2016-12-15',11,10,1,0,1),(520,9,'2016-12-26','2017-01-08',11,10,14,0,1),(521,12,'2017-01-02','2017-01-15',11,10,14,0,1),(522,7,'2017-01-09','2017-01-15',11,10,7,0,1),(523,3,'2017-01-19','2017-02-05',11,10,18,0,1),(524,11,'2017-01-30','2017-02-12',11,10,14,0,1),(525,5,'2017-02-03','2017-02-19',11,10,17,0,1),(526,2,'2017-02-08','2017-02-14',11,10,7,0,1),(527,5,'2017-02-20','2017-02-21',11,10,2,0,1),(528,7,'2017-02-20','2017-03-05',11,10,14,0,1),(529,13,'2017-02-27','2017-03-12',11,10,14,0,1),(530,2,'2017-03-06','2017-03-19',11,10,14,0,1),(531,8,'2017-03-27','2017-04-09',11,10,14,0,1),(532,1,'2017-03-31','2017-04-02',11,10,3,0,1),(533,3,'2017-04-01','2017-04-01',11,10,1,0,1),(534,1,'2017-04-17','2017-04-18',11,10,2,0,1),(535,13,'2017-04-24','2017-04-25',11,10,2,0,1),(536,9,'2017-05-04','2017-05-05',11,10,2,0,1),(537,7,'2017-05-08','2017-05-08',11,10,1,0,1),(538,5,'2017-05-13','2017-05-13',11,10,1,0,1),(539,1,'2017-05-30','2017-06-04',11,10,6,0,1),(540,2,'2017-06-02','2017-06-02',11,10,1,0,1),(541,1,'2017-06-05','2017-06-05',11,10,1,0,1),(542,9,'2017-06-12','2017-06-15',11,10,4,0,1),(543,5,'2017-07-10','2017-07-23',11,10,14,0,1),(544,10,'2017-07-13','2017-07-17',11,10,5,0,1),(545,2,'2017-07-21','2017-07-22',11,10,2,0,1),(546,7,'2017-07-22','2017-07-22',11,10,1,0,1),(547,9,'2017-07-24','2017-07-26',11,10,3,0,1),(548,3,'2017-07-24','2017-07-30',11,10,7,0,1),(549,2,'2017-08-03','2017-08-04',11,10,2,0,1),(550,11,'2017-08-04','2017-08-04',11,10,1,0,1),(551,8,'2017-08-05','2017-08-05',11,10,1,0,1),(552,14,'2017-08-12','2017-08-12',11,10,1,0,1),(553,10,'2017-08-14','2017-08-14',11,10,1,0,1),(554,7,'2017-08-15','2017-08-16',11,10,2,0,1),(555,9,'2017-08-19','2017-08-19',11,10,1,0,1),(556,5,'2017-08-26','2017-08-26',11,10,1,0,1),(557,2,'2017-09-07','2017-09-09',11,10,3,0,1),(558,9,'2017-09-11','2017-09-11',11,10,1,0,1),(559,10,'2017-09-16','2017-09-16',11,10,1,0,1),(560,1,'2017-10-05','2017-10-06',11,10,2,0,1),(561,2,'2017-10-09','2017-10-18',11,10,10,0,1),(562,10,'2017-10-21','2017-10-21',11,10,1,0,1),(563,9,'2017-10-28','2017-10-28',11,10,1,0,1),(564,3,'2017-10-30','2017-11-08',11,10,10,0,1),(565,2,'2017-11-01','2017-11-05',11,10,5,0,1),(566,7,'2017-11-04','2017-11-04',11,10,1,0,1),(567,9,'2017-11-06','2017-11-06',11,10,1,0,1),(568,11,'2017-11-11','2017-11-13',11,10,3,0,1),(569,14,'2017-11-13','2017-11-26',11,10,14,0,1),(570,1,'2017-12-05','2017-12-18',11,10,14,0,1),(571,8,'2017-12-18','2017-12-18',11,10,1,0,1),(572,1,'2017-12-19','2017-12-25',11,10,7,0,1),(573,10,'2017-12-20','2017-12-20',11,10,1,0,1),(574,9,'2017-12-26','2018-01-07',11,10,13,0,1),(575,8,'2018-01-07','2018-01-20',11,10,14,0,1),(576,10,'2018-01-15','2018-01-28',11,10,14,0,1),(577,13,'2018-01-21','2018-02-03',11,10,14,0,1),(578,3,'2018-01-22','2018-02-04',11,10,14,0,1),(579,11,'2018-02-04','2018-02-17',11,10,14,0,1),(580,1,'2018-02-07','2018-02-07',11,10,1,0,1),(581,9,'2018-02-09','2018-02-10',11,10,2,0,1),(582,8,'2018-02-10','2018-02-23',11,10,14,0,1),(583,11,'2018-02-10','2018-02-23',11,10,14,0,1),(584,12,'2018-02-10','2018-02-23',11,10,14,0,1),(585,13,'2018-02-10','2018-02-23',11,10,14,0,1),(586,1,'2018-02-16','2018-02-20',11,10,5,0,1),(587,5,'2018-02-26','2018-03-11',11,10,14,0,1),(588,14,'2018-03-13','2018-03-13',11,10,1,0,1),(589,7,'2018-03-17','2018-03-17',11,10,1,0,1),(590,7,'2018-04-03','2018-04-15',11,10,13,0,1),(591,2,'2018-04-14','2018-04-14',11,10,1,0,1),(592,9,'2018-04-16','2018-04-16',11,10,1,0,1),(593,3,'2018-04-27','2018-04-30',11,10,4,0,1),(594,1,'2018-04-28','2018-04-28',11,10,1,0,1),(595,14,'2018-04-30','2018-04-30',11,10,1,0,1),(596,2,'2018-05-05','2018-05-05',11,10,1,0,1),(597,1,'2018-05-08','2018-05-08',11,10,1,0,1),(598,10,'2018-05-12','2018-05-12',11,10,1,0,1),(599,7,'2018-05-14','2018-05-14',11,10,1,0,1),(600,9,'2018-05-14','2018-05-14',11,10,1,0,1),(601,9,'2018-06-01','2018-06-02',11,10,2,0,1),(602,11,'2018-06-01','2018-06-03',11,10,3,0,1),(603,2,'2018-06-05','2018-06-06',11,10,2,0,1),(604,1,'2018-06-09','2018-06-09',11,10,1,0,1),(605,13,'2018-06-09','2018-06-09',11,10,1,0,1),(606,9,'2018-07-02','2018-07-02',11,10,1,0,1),(607,1,'2018-07-12','2018-07-12',11,10,1,0,1),(608,7,'2018-07-14','2018-07-14',11,10,1,0,1),(609,10,'2018-07-21','2018-07-21',11,10,1,0,1),(610,3,'2018-07-23','2018-07-29',11,10,7,0,1),(611,2,'2018-07-26','2018-07-28',11,10,3,0,1),(612,14,'2018-07-31','2018-07-31',11,10,1,0,1),(613,8,'2018-08-04','2018-08-04',11,10,1,0,1),(614,9,'2018-08-06','2018-08-07',11,10,2,0,1),(615,2,'2018-08-07','2018-08-08',11,10,2,0,1),(616,7,'2018-08-08','2018-08-08',11,10,1,0,1),(617,5,'2018-08-21','2018-08-21',11,10,1,0,1),(618,10,'2018-08-25','2018-08-25',11,10,1,0,1),(619,1,'2018-09-01','2018-09-02',11,10,2,0,1),(620,2,'2018-09-12','2018-09-16',11,10,5,0,1),(621,14,'2018-09-17','2018-09-20',11,10,4,0,1),(622,7,'2018-09-24','2018-09-25',11,10,2,0,1),(623,9,'2018-09-24','2018-09-26',11,10,3,0,1),(624,11,'2018-09-24','2018-10-03',2,14,10,0,0),(625,2,'2018-10-03','2018-10-04',11,10,2,0,1),(626,9,'2018-10-08','2018-10-09',11,10,2,0,1),(627,7,'2018-10-13','2018-10-13',11,10,1,0,1),(628,5,'2018-10-20','2018-10-20',11,10,1,0,1),(629,10,'2018-10-20','2018-10-20',11,10,1,0,1),(630,8,'2018-10-22','2018-11-04',11,10,14,0,1),(631,5,'2018-11-09','2018-11-10',11,10,2,0,1),(632,11,'2018-11-10','2018-11-10',11,10,1,0,1),(633,7,'2018-11-10','2018-11-19',11,10,10,0,1),(634,10,'2018-11-12','2018-11-12',11,10,1,0,1),(635,9,'2018-11-12','2018-11-13',8,16,2,0,0),(636,14,'2018-11-17','2018-11-17',11,10,1,0,1),(637,9,'2018-11-20','2018-11-21',11,10,2,0,1),(638,2,'2018-11-21','2018-12-02',11,10,12,0,1),(639,9,'2018-12-10','2018-12-10',11,10,1,0,1),(640,8,'2018-12-15','2018-12-15',11,10,1,0,1),(641,1,'2018-12-24','2019-01-06',11,10,14,0,1),(642,12,'2019-01-02','2019-01-16',11,10,15,0,1),(643,9,'2019-01-14','2019-01-27',11,10,14,0,1),(644,3,'2019-01-21','2019-02-03',11,10,14,0,1),(645,10,'2019-02-04','2019-02-17',11,10,14,0,1),(646,2,'2019-02-23','2019-02-23',11,10,1,0,1),(647,10,'2019-03-28','2019-03-28',11,10,1,0,1),(648,2,'2019-03-30','2019-03-30',11,10,1,0,1),(649,14,'2019-04-08','2019-04-14',11,10,7,0,1),(650,2,'2019-04-11','2019-04-16',11,10,6,0,1),(651,10,'2019-04-18','2019-04-18',11,10,1,0,1),(652,13,'2019-04-18','2019-04-21',11,10,4,0,1),(653,9,'2019-05-06','2019-05-07',11,10,2,0,1),(654,14,'2019-05-07','2019-05-13',11,10,7,0,1),(655,2,'2019-05-13','2019-05-15',11,10,3,0,1),(656,5,'2019-05-13','2019-05-19',11,10,7,0,1),(657,5,'2019-05-21','2019-05-21',11,10,1,0,1),(658,1,'2019-05-27','2019-05-27',11,10,1,0,1),(659,8,'2019-06-03','2019-06-09',11,10,7,0,1),(660,7,'2019-06-08','2019-06-08',11,10,1,0,1),(661,12,'2019-07-08','2019-07-21',11,10,14,0,1),(662,5,'2019-07-12','2019-07-21',11,10,10,0,1),(663,9,'2019-07-22','2019-07-22',11,10,1,0,1),(664,14,'2019-07-27','2019-07-27',11,10,1,0,1),(665,3,'2019-08-01','2019-08-04',11,10,4,0,1),(666,8,'2019-08-03','2019-08-03',11,10,1,0,1),(667,1,'2019-08-05','2019-08-18',11,10,14,0,1),(668,11,'2019-08-06','2019-08-06',11,10,1,0,1),(669,14,'2019-08-21','2019-08-21',11,10,1,0,1),(670,5,'2019-08-24','2019-08-24',11,10,1,0,1),(671,7,'2019-08-26','2019-09-08',11,10,14,0,1),(672,2,'2019-08-31','2019-08-31',11,10,1,0,1),(673,2,'2019-09-10','2019-09-16',11,10,7,0,1),(674,3,'2019-09-10','2019-09-16',11,10,7,0,1),(675,1,'2019-09-13','2019-09-13',11,10,1,0,1),(676,8,'2019-09-21','2019-09-23',11,10,3,0,1),(677,2,'2019-10-02','2019-10-02',11,10,1,0,1),(678,1,'2019-10-02','2019-10-04',11,10,3,0,1),(679,9,'2019-10-07','2019-10-07',11,10,1,0,1),(680,14,'2019-10-23','2019-10-23',11,10,1,0,1),(681,7,'2019-10-26','2019-10-26',11,10,1,0,1),(682,9,'2019-11-01','2019-11-01',11,10,1,0,1),(683,2,'2019-11-01','2019-11-06',11,10,6,0,1),(684,15,'2019-11-05','2019-11-05',11,10,1,0,1),(685,15,'2019-11-11','2019-11-11',11,10,1,0,1),(686,7,'2019-11-14','2019-11-14',11,10,1,0,1),(687,13,'2019-11-14','2019-11-17',11,10,4,0,1),(688,8,'2019-11-18','2019-12-01',11,10,14,0,1),(689,14,'2019-11-23','2019-11-23',11,10,1,0,1),(690,2,'2019-12-02','2019-12-16',11,10,15,0,1),(691,5,'2019-12-09','2019-12-17',11,10,9,0,1),(692,5,'2019-12-21','2019-12-21',11,10,1,0,1),(693,14,'2019-12-23','2020-01-05',11,10,14,0,1),(694,10,'2020-01-11','2020-01-11',11,10,1,0,1),(695,1,'2020-01-13','2020-01-26',11,10,14,0,1),(696,9,'2020-01-18','2020-01-18',11,10,1,0,1),(697,3,'2020-01-27','2020-02-09',11,10,14,0,1),(698,15,'2020-01-27','2020-02-09',11,10,14,0,1),(699,9,'2020-02-03','2020-02-16',11,10,14,0,1),(700,13,'2020-02-08','2020-02-08',11,10,1,0,1),(701,11,'2020-02-17','2020-03-01',11,10,14,0,1),(702,14,'2020-02-22','2020-02-22',11,10,1,0,1),(703,10,'2020-02-26','2020-03-09',11,10,13,0,1),(704,12,'2020-03-02','2020-03-16',11,10,15,0,1),(705,7,'2020-03-09','2020-03-12',11,10,4,0,1),(706,13,'2020-03-09','2020-03-22',11,10,14,0,1),(707,5,'2020-03-21','2020-03-21',11,10,1,0,1),(708,9,'2020-04-20','2020-04-20',11,10,1,0,1),(709,9,'2020-04-20','2020-04-20',11,10,1,0,1),(710,1,'2020-05-02','2020-05-02',11,10,1,0,1),(711,14,'2020-05-06','2020-05-06',11,10,1,0,1),(712,2,'2020-05-08','2020-05-09',11,10,2,0,1),(713,7,'2020-05-13','2020-05-13',11,10,1,0,1),(714,8,'2020-05-20','2020-05-20',11,10,1,0,1),(715,9,'2020-06-06','2020-06-06',11,10,1,0,1),(716,2,'2020-06-29','2020-06-29',11,10,1,0,1),(717,2,'2020-07-06','2020-07-07',11,10,2,0,1),(718,8,'2020-07-17','2020-07-17',11,10,1,0,1),(719,9,'2020-07-18','2020-07-18',11,10,1,0,1),(720,1,'2020-07-20','2020-07-21',11,10,2,0,1),(721,7,'2020-07-27','2020-07-27',11,10,1,0,1),(722,11,'2020-07-30','2020-07-30',11,10,1,0,1),(723,1,'2020-08-10','2020-08-11',11,10,2,0,1),(724,2,'2020-08-10','2020-08-14',11,10,5,0,1),(725,13,'2020-08-12','2020-08-12',11,10,1,0,1),(726,8,'2020-08-20','2020-08-20',11,10,1,0,1),(727,10,'2020-08-20','2020-08-20',11,10,1,0,1),(728,14,'2020-09-02','2020-09-03',11,10,2,0,1),(729,5,'2020-09-12','2020-09-12',11,10,1,0,1),(730,10,'2020-09-12','2020-09-12',11,10,1,0,1),(731,1,'2020-09-14','2020-09-15',11,10,2,0,1),(732,2,'2020-09-15','2020-09-17',11,10,3,0,1),(733,9,'2020-09-19','2020-09-19',11,10,1,0,1),(734,7,'2020-09-25','2020-09-27',11,10,3,0,1),(735,7,'2020-10-07','2020-10-07',11,10,1,0,1),(736,5,'2020-10-10','2020-10-10',11,10,1,0,1),(737,8,'2020-10-15','2020-10-16',8,16,2,0,0),(738,9,'2020-10-16','2020-10-17',11,10,2,0,1),(739,8,'2020-10-17','2020-11-01',11,10,16,0,1),(740,2,'2020-10-19','2020-10-21',11,10,3,0,1),(741,10,'2020-10-21','2020-10-21',11,10,1,0,1),(742,5,'2020-10-24','2020-10-24',11,10,1,0,1),(743,1,'2020-10-29','2020-10-31',11,10,3,0,1),(744,14,'2020-10-31','2020-10-31',11,10,1,0,1),(745,13,'2020-11-05','2020-11-06',11,10,2,0,1),(746,5,'2020-11-24','2020-11-29',11,10,6,0,1),(747,2,'2020-11-24','2020-11-30',11,10,7,0,1),(748,7,'2020-11-30','2020-12-14',11,10,15,0,1),(749,14,'2020-12-16','2020-12-16',11,10,1,0,1),(750,2,'2020-12-21','2021-01-03',11,10,14,0,1),(751,11,'2021-01-04','2021-01-17',11,10,14,0,1),(752,8,'2021-01-18','2021-01-31',11,10,14,0,1),(753,14,'2021-01-18','2021-01-31',11,10,14,0,1),(754,1,'2021-01-20','2021-01-20',11,10,1,0,1),(755,7,'2021-01-25','2021-01-25',11,10,1,0,1),(756,1,'2021-02-01','2021-02-14',11,10,14,0,1),(757,15,'2021-02-01','2021-02-14',11,10,14,0,1),(758,3,'2021-02-10','2021-02-16',11,10,7,0,1),(759,12,'2021-02-20','2021-02-28',11,10,9,0,1),(760,9,'2021-02-22','2021-03-07',11,10,14,0,1),(761,12,'2021-03-01','2021-03-14',11,10,14,0,1),(762,5,'2021-03-08','2021-03-14',11,10,7,0,1),(763,10,'2021-03-08','2021-03-21',11,10,14,0,1),(764,13,'2021-03-15','2021-03-15',11,10,1,0,1),(765,2,'2021-03-22','2021-03-23',11,10,2,0,1),(766,13,'2021-03-22','2021-04-04',11,10,14,0,1),(767,1,'2021-03-23','2021-03-23',11,10,1,0,1),(768,3,'2021-04-05','2021-04-06',11,10,2,0,1),(769,10,'2021-04-08','2021-04-08',11,10,1,0,1),(770,7,'2021-04-14','2021-04-14',11,10,1,0,1),(771,14,'2021-04-14','2021-04-14',11,10,1,0,1),(772,13,'2021-04-16','2021-04-16',11,10,1,0,1),(773,9,'2021-04-19','2021-04-19',11,10,1,0,1),(774,8,'2021-04-20','2021-04-20',11,10,1,0,1),(775,1,'2021-04-20','2021-04-22',11,10,3,0,1),(776,2,'2021-04-21','2021-04-21',11,10,1,0,1),(777,1,'2021-05-05','2021-05-05',11,10,1,0,1),(778,2,'2021-05-05','2021-05-07',11,10,3,0,1),(779,8,'2021-05-20','2021-05-20',11,10,1,0,1),(780,1,'2021-06-23','2021-06-25',11,10,3,0,1),(781,1,'2021-06-28','2021-06-30',3,15,3,0,0),(782,8,'2021-06-29','2021-06-29',11,10,1,0,1),(783,8,'2021-06-29','2021-06-29',11,10,1,0,1),(784,3,'2021-07-16','2021-07-28',11,10,13,0,1),(785,13,'2021-07-24','2021-07-24',11,10,1,0,1),(786,1,'2021-07-27','2021-07-27',11,10,1,0,1),(787,9,'2021-08-02','2021-08-02',11,10,1,0,1),(788,14,'2021-08-11','2021-08-11',11,10,1,0,1),(789,1,'2021-08-26','2021-08-26',11,10,1,0,1),(790,7,'2021-08-31','2021-08-31',11,10,1,0,1),(791,14,'2021-09-09','2021-09-09',11,10,1,0,1),(792,2,'2021-09-20','2021-09-20',11,10,1,0,1),(793,1,'2021-10-01','2021-10-01',11,10,1,0,1),(794,5,'2021-10-01','2021-10-01',11,10,1,0,1),(795,13,'2021-10-09','2021-10-09',11,10,1,0,1),(796,11,'2021-10-18','2021-10-18',11,10,1,0,1),(797,5,'2021-10-22','2021-10-22',11,10,1,0,1),(798,5,'2021-11-29','2021-12-12',11,10,14,0,1),(799,8,'2021-12-24','2022-01-07',11,10,15,0,1),(800,11,'2021-12-24','2022-01-07',11,10,15,0,1),(801,12,'2021-12-24','2022-01-07',11,10,15,0,1),(802,13,'2021-12-24','2022-01-07',11,10,15,0,1),(803,15,'2021-12-24','2022-01-07',11,10,15,0,1),(804,10,'2021-12-31','2021-12-31',11,10,1,0,1),(805,10,'2022-01-03','2022-01-10',11,10,8,0,1),(806,11,'2022-01-08','2022-01-09',11,10,2,0,1),(807,10,'2022-01-24','2022-01-30',11,10,7,0,1),(808,3,'2022-01-31','2022-02-13',11,10,14,0,1),(809,2,'2022-02-14','2022-02-14',11,10,1,0,1),(810,5,'2022-02-14','2022-02-22',11,10,9,0,1),(811,11,'2022-02-23','2022-03-01',11,10,7,0,1),(812,2,'2022-03-07','2022-03-20',11,10,14,0,1),(813,9,'2022-03-21','2022-03-22',11,10,2,0,1),(814,5,'2022-03-28','2022-04-05',11,10,9,0,1),(815,7,'2022-03-28','2022-04-10',11,10,14,0,1),(816,8,'2022-04-19','2022-04-19',11,10,1,0,1),(817,14,'2022-04-25','2022-05-08',11,10,14,0,1),(818,2,'2022-05-09','2022-05-09',11,10,1,0,1),(819,5,'2022-05-16','2022-05-22',11,10,7,0,1),(820,9,'2022-05-26','2022-05-26',11,10,1,0,1),(821,8,'2022-06-15','2022-06-15',11,10,1,0,1);
/*!40000 ALTER TABLE `legajos` ENABLE KEYS */;
UNLOCK TABLES;

--
-- Table structure for table `localidades`
--

DROP TABLE IF EXISTS `localidades`;
/*!40101 SET @saved_cs_client     = @@character_set_client */;
/*!50503 SET character_set_client = utf8mb4 */;
CREATE TABLE `localidades` (
  `id_localidad` int NOT NULL,
  `nombre` varchar(60) NOT NULL,
  `cp_localidad` smallint NOT NULL,
  `id_provincia` smallint NOT NULL
) ENGINE=InnoDB DEFAULT CHARSET=utf8mb4 COLLATE=utf8mb4_0900_ai_ci;
/*!40101 SET character_set_client = @saved_cs_client */;

--
-- Dumping data for table `localidades`
--

LOCK TABLES `localidades` WRITE;
/*!40000 ALTER TABLE `localidades` DISABLE KEYS */;
INSERT INTO `localidades` VALUES (26077020,'Playa Union',9103,26),(26077030,'Rawson',9103,26),(26077040,'Trelew',9100,26);
/*!40000 ALTER TABLE `localidades` ENABLE KEYS */;
UNLOCK TABLES;

--
-- Table structure for table `parentescos`
--

DROP TABLE IF EXISTS `parentescos`;
/*!40101 SET @saved_cs_client     = @@character_set_client */;
/*!50503 SET character_set_client = utf8mb4 */;
CREATE TABLE `parentescos` (
  `id_parentesco` smallint NOT NULL AUTO_INCREMENT,
  `descripcion` varchar(10) NOT NULL,
  PRIMARY KEY (`id_parentesco`)
) ENGINE=InnoDB AUTO_INCREMENT=6 DEFAULT CHARSET=utf8mb4 COLLATE=utf8mb4_0900_ai_ci;
/*!40101 SET character_set_client = @saved_cs_client */;

--
-- Dumping data for table `parentescos`
--

LOCK TABLES `parentescos` WRITE;
/*!40000 ALTER TABLE `parentescos` DISABLE KEYS */;
INSERT INTO `parentescos` VALUES (1,'ESPOSA/O\r'),(2,'HIJO/A\r'),(3,'PADRE\r'),(4,'MADRE\r'),(5,'F/CARGO\r');
/*!40000 ALTER TABLE `parentescos` ENABLE KEYS */;
UNLOCK TABLES;

--
-- Table structure for table `personal`
--

DROP TABLE IF EXISTS `personal`;
/*!40101 SET @saved_cs_client     = @@character_set_client */;
/*!50503 SET character_set_client = utf8mb4 */;
CREATE TABLE `personal` (
  `id_empleado` smallint NOT NULL,
  `foto` varchar(50) NOT NULL,
  `legajo` smallint NOT NULL,
  `apellidos` varchar(30) NOT NULL,
  `nombres` varchar(40) NOT NULL,
  `id_documento` smallint NOT NULL,
  `documento` int NOT NULL,
  `cuil` varchar(11) DEFAULT NULL,
  `fecha_nacimiento` date NOT NULL,
  `fecha_ingreso` date NOT NULL,
  `fecha_egreso` date DEFAULT NULL,
  `id_categoria` smallint NOT NULL,
  `id_est_civil` smallint NOT NULL,
  `domicilio` varchar(50) NOT NULL,
  `id_localidad` int NOT NULL,
  `id_provincia` smallint NOT NULL,
  `tel` varchar(15) NOT NULL,
  `email` varchar(320) DEFAULT NULL,
  `saldo_licencia` smallint NOT NULL,
  `licencia_curso` smallint NOT NULL,
  `fecha_regreso` date DEFAULT NULL,
  PRIMARY KEY (`id_empleado`)
) ENGINE=InnoDB DEFAULT CHARSET=utf8mb4 COLLATE=utf8mb4_0900_ai_ci;
/*!40101 SET character_set_client = @saved_cs_client */;

--
-- Dumping data for table `personal`
--

LOCK TABLES `personal` WRITE;
/*!40000 ALTER TABLE `personal` DISABLE KEYS */;
INSERT INTO `personal` VALUES (1,'001_2022164000.jpg',13,'JARAMILLO','NELSON TEODORO',1,20239146,'20202391460','1969-02-06','1987-02-01','0000-00-00',4,2,'B LUIS VERNET CASA N 19',26077030,26,'0','',30,2021,'2021-10-02'),(2,'002_2022164000.png',16,'MELLA','HECTOR RUBEN',1,17406808,'23174068089','1965-01-22','1988-10-01','0000-00-00',7,1,'B 490 VIV. - CASA N 413',26077030,26,'484857','',32,2022,'2022-05-10'),(3,'003_2022164000.png',4,'VALSECCHI','JORGE EDGARDO',1,18027267,'20180272675','1967-10-25','1994-01-03','0000-00-00',6,1,'ARTIGAS 380',26077020,26,'2804590697','',16,2019,'2022-02-14'),(4,'004_2022025311.jpg',2,'TAGLIARINI','JULIAN LISANDRO',1,23645093,'20236450938','1973-11-11','1995-03-01','0000-00-00',9,1,'BARRIO UPCN CASA 17',26077030,26,'280483119','',17,2010,'2018-11-16'),(5,'005_2022164000.png',5,'SUAREZ','JUAN MANUEL',1,20541521,'20205415212','1968-11-09','1998-03-02','0000-00-00',6,1,'AZCUENAGA 682 B MEDANOS CASA 238',26077040,26,'15400368','',31,2021,'2022-05-23'),(6,'006_2022025241.jpg',21,'PES','FERNANDO MARTIN',1,23600902,'20236009026','1973-12-08','1998-09-01','0000-00-00',9,2,'AV CENTENARIO 57 - PLAYA UNION',26077030,26,'481737','',15,2012,'2007-06-12'),(7,'007_2022164000.png',33,'BUSTOS','ENZO DAMIAN',1,28708184,'20287081848','1981-07-11','2006-03-15','0000-00-00',2,1,'B 490 VIV. CASA N 221',26077030,26,'0','',25,2021,'2022-04-11'),(8,'008_2022164000.png',36,'QUINTRAMAN','MATIAS',1,30580274,'20305802744','1984-05-20','2006-07-01','0000-00-00',2,1,'FACUNDO QUIROGA 147 (A 16)',26077030,26,'0','',28,2021,'2022-06-16'),(9,'009_2022164000.png',6,'MIGUEL','JUAN DAVID',1,35887154,'20358871543','1991-06-14','2010-04-01','0000-00-00',6,2,'QUINTANA 672',26077030,26,'0','',10,2021,'2022-05-27'),(10,'010_2022025342.jpg',54,'ARTEAGA','GUSTAVO ADRIAN',1,33392561,'20333925614','1987-10-20','2010-04-01','0000-00-00',2,1,'ALBERDI 165',26077030,26,'0','',22,2021,'2022-01-31'),(11,'011_2022164000.png',61,'MALIQUEO','CESAR ADAN',1,34706378,'23347063789','1989-10-19','2011-04-11','0000-00-00',1,2,'B AMEP CASA N 4',26077030,26,'0','',24,2021,'2022-03-02'),(12,'012_2022164000.png',63,'GONZALEZ','MARCOS ANTONIO',1,26288034,'20262880347','1977-12-07','2011-11-17','0000-00-00',1,2,'GREGORIO MAYO 275',26077030,26,'0','',23,2021,'2022-01-08'),(13,'013_2022164000.png',64,'MANSILLA','PATRICIA DEL CARMEN',1,22700318,'27227003184','1972-07-06','2012-07-13','0000-00-00',2,2,'FIGUEROA LOPEZ 616 B RIO CHUBUT',26077030,26,'0','',8,2021,'2022-01-08'),(14,'014_2022164000.png',66,'SALAMANCA','FERERICO ELIAS GABRI',1,38535374,'20385353740','1995-03-12','2014-11-26','0000-00-00',2,2,'B MALVINAS ESC. 1 DPTO 3',26077030,26,'0','',18,2022,'2022-05-09'),(15,'015_2022164000.png',68,'HIRIGOYEN','DIEGO FEDERICO',1,35172915,'20351729156','1990-06-04','2019-06-17','0000-00-00',0,2,'COSTA RICA 955',26077040,26,'0','',11,2022,'2022-01-08');
/*!40000 ALTER TABLE `personal` ENABLE KEYS */;
UNLOCK TABLES;

--
-- Table structure for table `provincias`
--

DROP TABLE IF EXISTS `provincias`;
/*!40101 SET @saved_cs_client     = @@character_set_client */;
/*!50503 SET character_set_client = utf8mb4 */;
CREATE TABLE `provincias` (
  `id_provincia` smallint NOT NULL,
  `nombre` varchar(31) NOT NULL,
  PRIMARY KEY (`id_provincia`)
) ENGINE=InnoDB DEFAULT CHARSET=utf8mb4 COLLATE=utf8mb4_0900_ai_ci;
/*!40101 SET character_set_client = @saved_cs_client */;

--
-- Dumping data for table `provincias`
--

LOCK TABLES `provincias` WRITE;
/*!40000 ALTER TABLE `provincias` DISABLE KEYS */;
INSERT INTO `provincias` VALUES (2,'Ciudad Autónoma de Buenos Aires'),(6,'Buenos Aires\r'),(10,'Catamarca\r'),(14,'Córdoba'),(18,'Corrientes\r'),(22,'Chaco\r'),(26,'Chubut\r'),(30,'Entre Ríos'),(34,'Formosa\r'),(38,'Jujuy\r'),(42,'La Pampa\r'),(46,'La Rioja\r'),(50,'Mendoza\r'),(54,'Misiones\r'),(58,'Neuqu'),(62,'Río Negro'),(66,'Salta\r'),(70,'San Juan\r'),(74,'San Luis\r'),(78,'Santa Cruz\r'),(82,'Santa Fe\r'),(86,'Santiago del Estero\r'),(90,'Tucumán'),(94,'Tierra del Fuego\r');
/*!40000 ALTER TABLE `provincias` ENABLE KEYS */;
UNLOCK TABLES;

--
-- Table structure for table `tipo_doc`
--

DROP TABLE IF EXISTS `tipo_doc`;
/*!40101 SET @saved_cs_client     = @@character_set_client */;
/*!50503 SET character_set_client = utf8mb4 */;
CREATE TABLE `tipo_doc` (
  `id_documento` smallint NOT NULL AUTO_INCREMENT,
  `descripcion` varchar(10) NOT NULL,
  PRIMARY KEY (`id_documento`)
) ENGINE=InnoDB AUTO_INCREMENT=6 DEFAULT CHARSET=utf8mb4 COLLATE=utf8mb4_0900_ai_ci;
/*!40101 SET character_set_client = @saved_cs_client */;

--
-- Dumping data for table `tipo_doc`
--

LOCK TABLES `tipo_doc` WRITE;
/*!40000 ALTER TABLE `tipo_doc` DISABLE KEYS */;
INSERT INTO `tipo_doc` VALUES (1,'DNI\r'),(2,'LE\r'),(3,'LC\r'),(4,'CI\r'),(5,'PASAPORTE\r');
/*!40000 ALTER TABLE `tipo_doc` ENABLE KEYS */;
UNLOCK TABLES;
/*!40103 SET TIME_ZONE=@OLD_TIME_ZONE */;

/*!40101 SET SQL_MODE=@OLD_SQL_MODE */;
/*!40014 SET FOREIGN_KEY_CHECKS=@OLD_FOREIGN_KEY_CHECKS */;
/*!40014 SET UNIQUE_CHECKS=@OLD_UNIQUE_CHECKS */;
/*!40101 SET CHARACTER_SET_CLIENT=@OLD_CHARACTER_SET_CLIENT */;
/*!40101 SET CHARACTER_SET_RESULTS=@OLD_CHARACTER_SET_RESULTS */;
/*!40101 SET COLLATION_CONNECTION=@OLD_COLLATION_CONNECTION */;
/*!40111 SET SQL_NOTES=@OLD_SQL_NOTES */;

-- Dump completed on 2022-10-08 15:22:34
